{"resourceId":62105,"properties":{"process_id":"SuperCoolProcess","name":"Super Cool Process","documentation":"","process_author":"","process_version":"","process_namespace":"http://www.activiti.org/processdef","executionlisteners":"{\"executionListeners\":[]}","eventlisteners":"{\"eventListeners\":[{\"event\":\"TIMER_FIRED\",\"events\":[{\"event\":\"TIMER_FIRED\"}],\"delegateExpression\":\"${timerFiredEventListener}\",\"implementation\":\"${timerFiredEventListener}\"}]}","signaldefinitions":"[]","messagedefinitions":"[]","executionvariables":"","metadata":""},"stencil":{"id":"BPMNDiagram"},"childShapes":[{"resourceId":"startEvent1","properties":{"overrideid":"startEvent1","name":"","documentation":"","executionlisteners":{"executionListeners":[]},"initiator":"","formkeydefinition":"","formreference":"","fieldstovariables":"","formproperties":"","asynchronousdefinition":false,"exclusivedefinition":false},"stencil":{"id":"StartNoneEvent"},"childShapes":[],"outgoing":[{"resourceId":"sid-307FA29E-2C52-4EB0-A920-24FD96C74B11"}],"bounds":{"lowerRight":{"x":130,"y":193},"upperLeft":{"x":100,"y":163}},"dockers":[]},{"resourceId":"sid-8ABF14B1-F25D-4BEA-A2C7-4D6BC599110A","properties":{"overrideid":"sid-8ABF14B1-F25D-4BEA-A2C7-4D6BC599110A","name":"user-task","documentation":"","asynchronousdefinition":false,"exclusivedefinition":false,"executionlisteners":{"executionListeners":[]},"multiinstance_type":"None","multiinstance_cardinality":"","multiinstance_collection":"","multiinstance_variable":"","multiinstance_condition":"","isforcompensation":false,"usertasksendemail":true,"usertaskassignment":{"assignment":{"type":"idm","idm":{"type":"initiator"},"initiatorCanCompleteTask":false}},"formkeydefinition":"","formreference":"","fieldstovariables":"","duedatedefinition":{"duedateExpression":"P5D"},"prioritydefinition":"","categorydefinition":"","formproperties":"","tasklisteners":{"taskListeners":[]},"emailtemplate":""},"stencil":{"id":"UserTask"},"childShapes":[],"outgoing":[{"resourceId":"sid-4FC51B17-B4FE-42D0-A386-4EA8BFF57BF0"},{"resourceId":"sid-A9F66E9B-42C3-4FA8-AF2E-66DEBBF2520D"}],"bounds":{"lowerRight":{"x":265,"y":215},"upperLeft":{"x":165,"y":135}},"dockers":[]},{"resourceId":"sid-307FA29E-2C52-4EB0-A920-24FD96C74B11","properties":{"overrideid":"sid-307FA29E-2C52-4EB0-A920-24FD96C74B11","name":"","documentation":"","conditionsequenceflow":"","executionlisteners":{"executionListeners":[]},"defaultflow":"false"},"stencil":{"id":"SequenceFlow"},"childShapes":[],"outgoing":[{"resourceId":"sid-8ABF14B1-F25D-4BEA-A2C7-4D6BC599110A"}],"bounds":{"lowerRight":{"x":164.78169969647763,"y":177.54813849089433},"upperLeft":{"x":130.06205030352237,"y":176.50654900910567}},"dockers":[{"x":15,"y":15},{"x":50,"y":40}],"target":{"resourceId":"sid-8ABF14B1-F25D-4BEA-A2C7-4D6BC599110A"}},{"resourceId":"sid-91482DB2-5627-48FB-BBA0-9EECC3607DB0","properties":{"overrideid":"sid-91482DB2-5627-48FB-BBA0-9EECC3607DB0","name":"","documentation":"","executionlisteners":{"executionListeners":[]},"asynchronousdefinition":false,"exclusivedefinition":false},"stencil":{"id":"EndNoneEvent"},"childShapes":[],"outgoing":[],"bounds":{"lowerRight":{"x":613,"y":192},"upperLeft":{"x":585,"y":164}},"dockers":[]},{"resourceId":"sid-D8BA6C34-2D8A-453B-96DF-A2A01C7C42A3","properties":{"overrideid":"sid-D8BA6C34-2D8A-453B-96DF-A2A01C7C42A3","name":"","documentation":"","executionlisteners":{"executionListeners":[]},"asynchronousdefinition":false,"exclusivedefinition":false},"stencil":{"id":"EndNoneEvent"},"childShapes":[],"outgoing":[],"bounds":{"lowerRight":{"x":328,"y":88},"upperLeft":{"x":300,"y":60}},"dockers":[]},{"resourceId":"sid-7D2F46A6-9387-4C26-A71B-58F3150656C0","properties":{"overrideid":"sid-7D2F46A6-9387-4C26-A71B-58F3150656C0","name":"","documentation":"","conditionsequenceflow":"","executionlisteners":{"executionListeners":[]},"defaultflow":"false"},"stencil":{"id":"SequenceFlow"},"childShapes":[],"outgoing":[{"resourceId":"sid-D8BA6C34-2D8A-453B-96DF-A2A01C7C42A3"}],"bounds":{"lowerRight":{"x":299.05192390708214,"y":107.28822407058699},"upperLeft":{"x":201.15517812170685,"y":74}},"dockers":[{"x":15.5,"y":15.5},{"x":224.7323130053256,"y":74},{"x":14,"y":14}],"target":{"resourceId":"sid-D8BA6C34-2D8A-453B-96DF-A2A01C7C42A3"}},{"resourceId":"sid-1056819D-892C-48A5-BD43-5ABB2C3723D8","properties":{"overrideid":"sid-1056819D-892C-48A5-BD43-5ABB2C3723D8","name":"My New Task","documentation":"","asynchronousdefinition":false,"exclusivedefinition":false,"executionlisteners":{"executionListeners":[]},"multiinstance_type":"None","multiinstance_cardinality":"","multiinstance_collection":"","multiinstance_variable":"","multiinstance_condition":"","isforcompensation":false,"usertasksendemail":true,"usertaskassignment":{"assignment":{"type":"idm","idm":{"type":"initiator"}}},"formkeydefinition":"","formreference":"","fieldstovariables":"","duedatedefinition":"","prioritydefinition":"","categorydefinition":"","formproperties":"","tasklisteners":{"taskListeners":[]},"emailtemplate":""},"stencil":{"id":"UserTask"},"childShapes":[],"outgoing":[{"resourceId":"sid-8FDE617F-7C00-499C-A714-D741AD2C41F6"}],"bounds":{"lowerRight":{"x":385,"y":215},"upperLeft":{"x":285,"y":135}},"dockers":[]},{"resourceId":"sid-4FC51B17-B4FE-42D0-A386-4EA8BFF57BF0","properties":{"overrideid":"sid-4FC51B17-B4FE-42D0-A386-4EA8BFF57BF0","name":"","documentation":"","conditionsequenceflow":"","executionlisteners":{"executionListeners":[]},"defaultflow":"false"},"stencil":{"id":"SequenceFlow"},"childShapes":[],"outgoing":[{"resourceId":"sid-1056819D-892C-48A5-BD43-5ABB2C3723D8"}],"bounds":{"lowerRight":{"x":284.3125,"y":175},"upperLeft":{"x":265.6875,"y":175}},"dockers":[{"x":50,"y":40},{"x":50,"y":40}],"target":{"resourceId":"sid-1056819D-892C-48A5-BD43-5ABB2C3723D8"}},{"resourceId":"sid-A9F66E9B-42C3-4FA8-AF2E-66DEBBF2520D","properties":{"overrideid":"sid-A9F66E9B-42C3-4FA8-AF2E-66DEBBF2520D","name":"","documentation":"","timercycledefinition":"","timerdatedefinition":"","timerdurationdefinition":"PT5M","cancelactivity":true,"executionlisteners":{"executionListeners":[]},"asynchronousdefinition":false,"exclusivedefinition":false},"stencil":{"id":"BoundaryTimerEvent"},"childShapes":[],"outgoing":[{"resourceId":"sid-7D2F46A6-9387-4C26-A71B-58F3150656C0"}],"bounds":{"lowerRight":{"x":208.02548742331342,"y":134.97236260336405},"upperLeft":{"x":177.02548742331342,"y":103.97236260336405}},"dockers":[{"x":27.52548742331342,"y":-15.527637396635953}]},{"resourceId":"sid-B964490D-880A-43AA-973E-BEF25157CB1F","properties":{"overrideid":"","name":"Another task","documentation":"","asynchronousdefinition":"false","exclusivedefinition":"false","executionlisteners":"","multiinstance_type":"None","multiinstance_cardinality":"","multiinstance_collection":"","multiinstance_variable":"","multiinstance_condition":"","isforcompensation":"false","usertasksendemail":true,"usertaskassignment":"","formkeydefinition":"","formreference":"","fieldstovariables":"","duedatedefinition":"","prioritydefinition":"","categorydefinition":"","formproperties":"","tasklisteners":"","emailtemplate":""},"stencil":{"id":"UserTask"},"childShapes":[],"outgoing":[{"resourceId":"sid-92F50DD5-5766-4AA5-BF3A-F8F9B77B6006"}],"bounds":{"lowerRight":{"x":530,"y":215},"upperLeft":{"x":430,"y":135}},"dockers":[]},{"resourceId":"sid-8FDE617F-7C00-499C-A714-D741AD2C41F6","properties":{"overrideid":"","name":"","documentation":"","conditionsequenceflow":"","executionlisteners":"","defaultflow":"false"},"stencil":{"id":"SequenceFlow"},"childShapes":[],"outgoing":[{"resourceId":"sid-B964490D-880A-43AA-973E-BEF25157CB1F"}],"bounds":{"lowerRight":{"x":429.15625,"y":175},"upperLeft":{"x":385.84375,"y":175}},"dockers":[{"x":50,"y":40},{"x":50,"y":40}],"target":{"resourceId":"sid-B964490D-880A-43AA-973E-BEF25157CB1F"}},{"resourceId":"sid-92F50DD5-5766-4AA5-BF3A-F8F9B77B6006","properties":{"overrideid":"","name":"","documentation":"","conditionsequenceflow":"","executionlisteners":"","defaultflow":"false"},"stencil":{"id":"SequenceFlow"},"childShapes":[],"outgoing":[{"resourceId":"sid-91482DB2-5627-48FB-BBA0-9EECC3607DB0"}],"bounds":{"lowerRight":{"x":584.9846926227781,"y":177.6466729232633},"upperLeft":{"x":530.2731198772219,"y":176.2673895767367}},"dockers":[{"x":50,"y":40},{"x":14,"y":14}],"target":{"resourceId":"sid-91482DB2-5627-48FB-BBA0-9EECC3607DB0"}}],"bounds":{"lowerRight":{"x":1200,"y":1050},"upperLeft":{"x":0,"y":0}},"stencilset":{"url":"stencilsets/bpmn2.0/bpmn2.0.json","namespace":"http://b3mn.org/stencilset/bpmn2.0#"},"ssextensions":[]}